,title,link,up,down
0,데스 오브 미,https://movie.naver.com/movie/bi/mi/basic.nhn?code=195685,17,2
1,새해전야,https://movie.naver.com/movie/bi/mi/basic.nhn?code=190382,6759,434
2,몬스터 헌터,https://movie.naver.com/movie/bi/mi/basic.nhn?code=190011,384,45
3,아이,https://movie.naver.com/movie/bi/mi/basic.nhn?code=194463,827,79
4,살아남은 사람들,https://movie.naver.com/movie/bi/mi/basic.nhn?code=189444,60,1
5,워 위드 그랜파,https://movie.naver.com/movie/bi/mi/basic.nhn?code=154286,899,34
6,드림빌더,https://movie.naver.com/movie/bi/mi/basic.nhn?code=200179,122,5
7,엘프,https://movie.naver.com/movie/bi/mi/basic.nhn?code=193096,93,4
8,용루각2: 신들의 밤,https://movie.naver.com/movie/bi/mi/basic.nhn?code=201656,56,25
9,운봉,https://movie.naver.com/movie/bi/mi/basic.nhn?code=197478,126,86
10,폴리스,https://movie.naver.com/movie/bi/mi/basic.nhn?code=192113,7,1
11,호라이즌 라인,https://movie.naver.com/movie/bi/mi/basic.nhn?code=199857,345,32
12,로그시티,https://movie.naver.com/movie/bi/mi/basic.nhn?code=197451,5,1
13,송가인 더 드라마,https://movie.naver.com/movie/bi/mi/basic.nhn?code=202381,918,14
14,더블패티,https://movie.naver.com/movie/bi/mi/basic.nhn?code=196361,3587,1672
15,마리오네트,https://movie.naver.com/movie/bi/mi/basic.nhn?code=197517,78,0
16,미션 파서블,https://movie.naver.com/movie/bi/mi/basic.nhn?code=189124,1634,115
17,시간의 끝에서 널 기다려,https://movie.naver.com/movie/bi/mi/basic.nhn?code=197640,263,31
18,인투 더 미러,https://movie.naver.com/movie/bi/mi/basic.nhn?code=154259,106,4
19,간이역,https://movie.naver.com/movie/bi/mi/basic.nhn?code=194022,353,50
20,론 서바이버 : 아미 오브 원,https://movie.naver.com/movie/bi/mi/basic.nhn?code=201168,24,27
21,해변의 에트랑제,https://movie.naver.com/movie/bi/mi/basic.nhn?code=196375,370,5
22,퍼펙트 케어,https://movie.naver.com/movie/bi/mi/basic.nhn?code=196533,70,0
23,고백,https://movie.naver.com/movie/bi/mi/basic.nhn?code=194909,435,28
24,더 레이서,https://movie.naver.com/movie/bi/mi/basic.nhn?code=197450,101,2
25,라스트 레터,https://movie.naver.com/movie/bi/mi/basic.nhn?code=191553,101,3
26,리틀드래곤 코코넛2: 정글대탐험,https://movie.naver.com/movie/bi/mi/basic.nhn?code=187618,8,1
27,아홉수 로맨스,https://movie.naver.com/movie/bi/mi/basic.nhn?code=195622,23,3
28,잃어버린 얼굴 1895,https://movie.naver.com/movie/bi/mi/basic.nhn?code=202382,21,0
29,타인의 친절,https://movie.naver.com/movie/bi/mi/basic.nhn?code=183234,6,0
30,톰과 제리,https://movie.naver.com/movie/bi/mi/basic.nhn?code=193973,1435,60
31,포제서,https://movie.naver.com/movie/bi/mi/basic.nhn?code=191843,128,7
32,프라미싱 영 우먼,https://movie.naver.com/movie/bi/mi/basic.nhn?code=191917,50,1
33,"구라, 베토벤",https://movie.naver.com/movie/bi/mi/basic.nhn?code=200183,34,6
34,라이브 하드,https://movie.naver.com/movie/bi/mi/basic.nhn?code=176746,21,8
35,빛과 철,https://movie.naver.com/movie/bi/mi/basic.nhn?code=194084,99,11
36,아마겟돈 2046,https://movie.naver.com/movie/bi/mi/basic.nhn?code=202399,8,1
37,인싸,https://movie.naver.com/movie/bi/mi/basic.nhn?code=200286,65,18
38,크리미널 오디션,https://movie.naver.com/movie/bi/mi/basic.nhn?code=197488,3,0
39,클론: 데드 딕스 데이,https://movie.naver.com/movie/bi/mi/basic.nhn?code=186916,2,1
40,파리의 별빛 아래,https://movie.naver.com/movie/bi/mi/basic.nhn?code=195441,9,2
41,헬렌: 내 영혼의 자화상,https://movie.naver.com/movie/bi/mi/basic.nhn?code=200378,4,1
42,미나리,https://movie.naver.com/movie/bi/mi/basic.nhn?code=187310,4383,139
43,밤빛,https://movie.naver.com/movie/bi/mi/basic.nhn?code=140738,14,3
44,신패왕화 : 예스마담,https://movie.naver.com/movie/bi/mi/basic.nhn?code=199405,12,2
45,쁘떼뜨,https://movie.naver.com/movie/bi/mi/basic.nhn?code=191059,6,0
46,웨이 다운,https://movie.naver.com/movie/bi/mi/basic.nhn?code=202361,1,0
47,고질라 VS. 콩,https://movie.naver.com/movie/bi/mi/basic.nhn?code=191637,1252,43
48,그녀가 사라졌다,https://movie.naver.com/movie/bi/mi/basic.nhn?code=198627,1,1
49,라야와 마지막 드래곤,https://movie.naver.com/movie/bi/mi/basic.nhn?code=184518,477,15
50,모비우스,https://movie.naver.com/movie/bi/mi/basic.nhn?code=190695,528,42
51,반딧불이 딘딘과 용감한 곤충 탐험대,https://movie.naver.com/movie/bi/mi/basic.nhn?code=197480,3,2
52,스톰 보이,https://movie.naver.com/movie/bi/mi/basic.nhn?code=183115,56,6
53,유어 아이즈 텔,https://movie.naver.com/movie/bi/mi/basic.nhn?code=196053,59,12
54,카오스 워킹,https://movie.naver.com/movie/bi/mi/basic.nhn?code=163811,392,15
55,특명: 스피드 레스큐,https://movie.naver.com/movie/bi/mi/basic.nhn?code=202362,0,0
56,프로젝트 마스,https://movie.naver.com/movie/bi/mi/basic.nhn?code=201654,16,3
57,피넛 버터 팔콘,https://movie.naver.com/movie/bi/mi/basic.nhn?code=163829,37,4
58,추룡 2 : 패왕,https://movie.naver.com/movie/bi/mi/basic.nhn?code=195155,5,3
59,분노의 질주: 더 얼티메이트,https://movie.naver.com/movie/bi/mi/basic.nhn?code=189150,10667,293
60,007 노 타임 투 다이,https://movie.naver.com/movie/bi/mi/basic.nhn?code=99702,5232,188
61,쥬라기 월드: 도미니언,https://movie.naver.com/movie/bi/mi/basic.nhn?code=191646,4673,112
